<?xml version="1.0" encoding="US-ASCII"?>
<!DOCTYPE html PUBLIC "-//W3C//DTD XHTML 1.0 Transitional//EN"
    "http://www.w3.org/TR/xhtml1/DTD/xhtml1-transitional.dtd">

<html xmlns="http://www.w3.org/1999/xhtml">
  <head>
    <title>Overview of javac</title>
  </head>

  <body>
    <table summary="layout" border="0" width="100%">
      <tr>
        <td width="60"><img src="../../../images/javalogo52x88.gif"
        alt="Java" border="0" width="52" height="88" /> </td>

        <td>
          <center>
            <h1>The Java&#8482; Programming Language Compiler, javac</h1>
            <h1>Overview</h1>
          </center>
        </td>

        <td align="right" valign="top">
	  <font size="-1">
	    <a href="../../../index.html">Documentation Contents</a><br/>
	    <a href="index.html">javac Home</a>
	  </font>
	</td>
      </tr>
    </table>

<!-- Body text begins here -->


<!-- Body text ends here -->
<!-- ============================================================== -->
<hr size="3" noshade="noshade" />

    <table summary="layout" border="0" width="100%">
      <tr valign="top">
<td>
<p><font size="-2">
<a href="../../../legal/SMICopyright.html">Copyright &#169;</a> 2006
<a href="http://www.sun.com/">Sun Microsystems, Inc.</a>
All Rights Reserved.</font></p>

<font size="-1">
<a href="http://developers.sun.com/contact/feedback.jsp?referer=http://java.sun.com/javase/6/docs/technotes/guides/javac/overview.html&amp;category=j2se&amp;mailsubject=javac">
Feedback</a>
</font>
</td>

        <td align="right"><img src="../../../images/sunlogo64x30.gif"
        alt="Sun" border="0" width="64" height="30" /></td>
      </tr>
    </table>
  </body>
</html>
